(26932060),(279522313),(276256774),(4864023875)
(279522313),(26932060),(4238283)
(4238283),(279522313),(444612761)
(444612761),(4238283),(98025416)
(98025416),(444612761),(4864008828)
(4864008828),(98025416),(4238284)
(4238284),(4864008828)
(4457341462),(717548950),(4457341463),(4457341461),(717548946)
(717548950),(4457341462),(3118413761)
(3118413761),(717548950),(366648901)
(366648901),(3118413761),(26932058)
(26932058),(366648901),(292354295)
(292354295),(26932058),(4867377028)
(4867377028),(292354295),(291410714)
(291410714),(4867377028),(4867377027)
(4867377027),(291410714),(4238291)
(4238291),(4867377027),(4867377031),(3118413739)
(29396383),(4238254),(414197029)
(4238254),(29396383),(244065808)
(244065808),(4238254),(244065807)
(244065807),(244065808),(29396384)
(29396384),(244065807)
(282735833),(29396385)
(29396385),(282735833)
(103117091)
(1484037824)
(4238256)
(103117097)
(1484037843)
(29396386)
(103117104)
(662301992)
(29396387)
(103117110)
(4238257),(4238258)
(30847268),(30847269),(4457341452)
(30847269),(30847268),(30847270)
(30847270),(30847269),(282906269)
(282906269),(30847270),(30847271),(282906375)
(30847271),(282906269),(4457341448),(244065176)
(30847297),(4457341441),(4457341449),(244065172)
(4457341441),(30847297),(98025642)
(98025642),(4457341441),(414188045)
(414188045),(98025642),(282906257),(414188043)
(282906257),(414188045),(98025622),(282906346)
(98025622),(282906257),(4457341440)
(4457341440),(98025622),(30847299)
(30847299),(4457341440),(4457341431),(244065182)
(4238253),(29402124),(4451315140),(4451315137),(4451315143)
(29402124),(4238253),(4451315146)
(4451315146),(29402124),(963995631),(4451315145),(4451315147)
(963995631),(4451315146),(29402125)
(57579493),(366648868),(3118395216),(4455234818)
(366648868),(57579493)
(4238258),(4238257),(280104093)
(280104093),(4238258),(280102148)
(280102148),(280104093),(244065793)
(244065793),(280102148),(244065794)
(244065794),(244065793),(4864623571)
(4864623571),(244065794),(4238260)
(4238260),(4864623571),(280104024)
(280104024),(4238260),(244065795)
(244065795),(280104024),(281073688)
(281073688),(244065795),(244065796),(281073623)
(244065796),(281073688),(662301990)
(662301990),(244065796),(244065797)
(244065797),(662301990),(281073689)
(281073689),(244065797),(4238261),(281073690)
(4238261),(281073689),(280104023)
(280104023),(4238261),(244065799)
(244065799),(280104023),(244065800)
(244065800),(244065799),(4238263)
(4238263),(244065800),(4238264)
(4238264),(4238263),(282550070)
(282550070),(4238264),(4238267)
(4238267),(282550070),(244065801)
(244065801),(4238267),(244065802)
(244065802),(244065801),(244065803)
(244065803),(244065802),(244065804)
(244065804),(244065803),(244065805)
(244065805),(244065804),(244065806)
(244065806),(244065805)
(4456016747),(4456016748)
(4456016748),(4456016747),(60228528)
(60228528),(4456016748),(4456016749)
(4456016749),(60228528),(4456016750),(4913150783)
(4456016750),(4456016749),(244069197)
(244069197),(4456016750),(4456016751)
(4456016751),(244069197),(60228529)
(60228529),(4456016751),(244069198)
(244069198),(60228529),(4878987482)
(4878987482),(244069198),(60228530),(4913150782)
(60228530),(4878987482),(4456016753)
(4456016753),(60228530),(244069194),(4913150780)
(244069194),(4456016753),(4456016754)
(4456016754),(244069194),(1990915372)
(1990915372),(4456016754),(4456016767)
(4456016767),(1990915372)
(4457341437),(4457341438),(244065180)
(4457341438),(4457341437),(4457341439)
(4457341439),(4457341438),(98025593)
(98025593),(4457341439),(244065181),(286497662)
(244065181),(98025593),(4457341429)
(4457341429),(244065181),(4457341430)
(4457341430),(4457341429),(4457341431)
(4457341431),(4457341430),(30847299)
(244065182),(30847299),(4457341432)
(4457341432),(244065182),(4457341433)
(4457341433),(4457341432),(98025473)
(98025473),(4457341433),(244065179)
(244065179),(98025473),(4457341434)
(4457341434),(244065179),(4457341435)
(4457341435),(4457341434),(4457341436)
(4457341436),(4457341435),(30847319)
(30847319),(4457341436),(244065180),(4457341428)
(244065180),(30847319),(4457341437)
(98025610),(244065173),(244065172)
(244065173),(98025610),(244065175)
(244065175),(244065173),(4457341445)
(4457341445),(244065175),(4457341446)
(4457341446),(4457341445),(4457341447)
(4457341447),(4457341446),(4457341448)
(4457341448),(4457341447),(30847271)
(244065176),(30847271),(244065174)
(244065174),(244065176),(4457341442)
(4457341442),(244065174),(4867374077)
(4867374077),(4457341442),(98025586)
(98025586),(4867374077),(244065178)
(244065178),(98025586),(4457341443)
(4457341443),(244065178),(4457341444)
(4457341444),(4457341443),(4457341449)
(4457341449),(4457341444),(30847297)
(244065172),(30847297),(98025610)
(4913150783),(4456016749),(4878987481),(4913150782),(4900701060)
(4878987481),(4913150783),(5393556987)
(5393556987),(4878987481),(4456016758)
(211452785),(211452553),(4456016758)
(211452553),(211452785)
(211452541),(5393556989)
(5393556989),(211452541),(5393556986)
(5393556986),(5393556989),(4456016757)
(275681126),(275682093)
(275682093),(275681126),(275682094)
(275682094),(275682093),(275682064)
(275682064),(275682094)
(275682334),(363853930),(275680928)
(363853930),(275682334),(363853927),(275682742)
(363853927),(363853930),(363853922)
(363853922),(363853927),(275682063),(275682742)
(275682063),(363853922)
(275682047),(275682179)
(275682179),(275682047),(275682180)
(275682180),(275682179),(275682181),(281073079),(281076208)
(275682181),(275682180),(275680369)
(275680369),(275682181)
(275680368),(275682742)
(275682742),(275680368),(363853922),(363853930)
(275680928),(275682334)
(275693406),(275693407)
(275693407),(275693406),(276256774)
(276256774),(275693407),(26932060),(29396399)
(278911832),(278911194)
(278911194),(278911832)
(355284891),(244065836)
(998487586)
(278911833)
(278911834)
(278911835),(278911836),(998487580)
(278911836),(278911835),(278911837)
(278911837),(278911836)
(278911838)
(278911840)
(998487578)
(998487595)
(278911841)
(281074930),(3158592037),(281074981)
(278911842)
(281076094),(281076134)
(281076156),(281076160)
(278911843)
(278911844)
(280104082),(280102828),(280102169)
(278911845)
(281072542),(281072517),(281072541)
(278911846),(281072419)
(281072419),(278911846)
(280103845),(281072433),(280101394)
(281072433),(280103845)
(278911847)
(281076243)
(281076242),(29396392)
(281075204),(278911885),(244065841),(4238296)
(278911885),(281075204),(278911886)
(278911886),(278911885)
(278911887),(281075129)
(998487594)
(282544307)
(280102499),(998487580)
(998487580),(280102499),(278911835)
(244065839),(282786093),(244065840)
(282786093),(244065839),(244065837)
(244065837),(282786093),(244065836)
(244065836),(244065837),(355284891)
(244065835)
(244065834)
(244065833)
(244065832)
(244065831)
(244065830)
(1139270084)
(282262334),(4864077269)
(4238293),(4864008112),(4864008111),(4864008113)
(4864008112),(4238293),(244065852)
(244065852),(4864008112),(244065851)
(244065851),(244065852),(244065850)
(244065850),(244065851),(244065849)
(244065849),(244065850),(244065848)
(244065848),(244065849),(244065847)
(244065847),(244065848),(244065846)
(244065846),(244065847),(244065845)
(244065845),(244065846),(244065844)
(244065844),(244065845),(4238294)
(4238294),(244065844),(244065843)
(244065843),(4238294),(244065842)
(244065842),(244065843),(4238295)
(4238295),(244065842),(244065841)
(244065841),(4238295),(281075204)
(4238296),(281075204),(244065840)
(244065840),(4238296),(244065839)
(280094353),(280094355),(280094170),(280094172)
(280094355),(280094353),(280094356)
(280094356),(280094355),(280094357)
(280094357),(280094356),(280094300),(280094392)
(280094300),(280094357),(280094358)
(280094358),(280094300),(280094302)
(280094302),(280094358),(4852519874)
(4852519874),(280094302),(280094359)
(280094359),(4852519874),(280094304)
(280094304),(280094359),(4852519873)
(4852519873),(280094304),(4852519872),(280094151)
(280094392),(280094357),(280094404)
(280094404),(280094392),(280094334)
(280094334),(280094404),(280094167),(280094170)
(280092303),(280094598)
(280094598),(280092303),(280094599)
(280094599),(280094598),(705587975),(280094114)
(280092190),(280094610)
(280094610),(280092190),(280094611)
(280094611),(280094610),(2802132870)
(2802132870),(280094611),(280094612)
(280094612),(2802132870),(280094311)
(280094311),(280094612),(280094120),(2802133875)
(280092188),(4386375148),(2802133844)
(4386375148),(280092188),(280094639)
(280094639),(4386375148),(2582318416)
(2582318416),(280094639),(280094114)
(280094114),(2582318416),(280094906),(280094599),(280094529)
(2802133844),(280092188),(280094780)
(280094780),(2802133844),(280094782)
(280094782),(280094780),(676784915),(280094828)
(676784915),(280094782),(280094529)
(280094529),(676784915),(280094114)
(280094828),(280094829),(280094308),(280094782)
(280094829),(280094828),(2802132840)
(2802132840),(280094829),(280094831)
(280094831),(2802132840),(2582318412)
(2582318412),(280094831),(2802132862)
(2802132862),(2582318412),(280094832)
(280094832),(2802132862),(280094530),(280094120)
(280094889),(3279346814),(292370432)
(3279346814),(280094889),(280094906)
(280094906),(280094114),(3279346814)
(280101394),(280103845)
(280102828),(280104082)
(280111154),(280111155),(98025407),(4864008116)
(280111155),(280111154),(280111156)
(280111156),(280111155),(280111157)
(280111157),(280111156),(280111158)
(280111158),(280111157),(280111159)
(280111159),(280111158),(280111160)
(280111160),(280111159),(363848169)
(363848169),(280111160),(280111161)
(280111161),(363848169),(280111162)
(280111162),(280111161),(280111163)
(280111163),(280111162),(280111164),(281074706)
(280111164),(280111163),(280111165)
(280111165),(280111164),(280111166)
(280111166),(280111165),(280111167)
(280111167),(280111166)
(281072420)
(281072421)
(280103938)
(281072423)
(281072425)
(280102161),(281072517)
(281072517),(280102161),(281072542)
(280101313),(281072541)
(281072541),(280101313),(281072542)
(280102169),(280104082)
(281073079),(275682180),(281073122),(275682048)
(281073122),(281073079),(281073081)
(281073081),(281073122),(280104032)
(280104032),(281073081)
(275682048),(281073079)
(281073690),(281073689),(281073697),(281073691)
(281073697),(281073690),(281073553),(281073696)
(281073553),(281073697),(281073554),(281073627)
(281073554),(281073553)
(281073691),(281073690),(281073692)
(281073692),(281073691),(281073617)
(281073617),(281073692),(281073618)
(281073618),(281073617),(281073619)
(281073619),(281073618),(281073620)
(281073620),(281073619),(281073621)
(281073621),(281073620),(281073693)
(281073693),(281073621),(281073623)
(281073623),(281073693),(281073694),(281073688)
(281073694),(281073623),(281073695)
(281073695),(281073694),(281073626)
(281073626),(281073695),(281073627)
(281073627),(281073626),(281073696),(281073553)
(281073696),(281073627),(281073697)
(281074706),(280111163),(281074705)
(280102534),(281074698)
(281074698),(280102534),(281074700)
(281074700),(281074698),(281074701)
(281074701),(281074700),(281074702)
(281074702),(281074701),(281074703)
(281074703),(281074702),(281074704)
(281074704),(281074703),(281074705)
(281074705),(281074704),(281074706)
(281074924),(281074925)
(281074925),(281074924),(281074926)
(281074926),(281074925),(281074927)
(281074927),(281074926),(281074928)
(281074928),(281074927),(281074929)
(281074929),(281074928),(3158592037)
(3158592037),(281074929),(281074930)
(281074981),(281074930),(281074984)
(281074984),(281074981),(281074985)
(281074985),(281074984)
(281075129),(278911887),(280102527)
(280102527),(281075129)
(281076134),(281076094)
(281076160),(281076156)
(281076201),(281076202)
(281076202),(281076201),(281076203),(281076228)
(281076203),(281076202),(281076204)
(281076204),(281076203),(281076205)
(281076205),(281076204),(281076206)
(281076206),(281076205),(281076207)
(281076207),(281076206),(281076208)
(281076208),(281076207),(275682180)
(281076228),(281076202),(281076229)
(281076229),(281076228),(280102830)
(280102830),(281076229)
(280094963),(280097917)
(280097917),(280094963),(2802133849)
(2802133849),(280097917),(280094965)
(282262713),(1139270065)
(1139270065),(282262713)
(244065827)
(1139270064)
(244065826)
(244065825)
(282262809)
(668072973)
(282262586)
(4864077270)
(4864077271)
(4864077272)
(4864077273)
(4864077274)
(282262588)
(4864077264)
(4864077265)
(4864077266)
(278939731)
(282262590)
(4864077267)
(4864077268)
(4864077269),(282262334)
(282906346),(282906257)
(286497662),(98025593),(244065818)
(244065818),(286497662)
(280094324),(290250913),(280094148),(280094150)
(290250913),(280094324),(103117116)
(103117116),(290250913)
(3118395216),(57579493),(3118413736)
(3118413736),(3118395216),(291410779)
(291410779),(3118413736),(3118413743)
(3118413743),(291410779),(291409597)
(291409597),(3118413743),(3118413748)
(3118413748),(291409597),(291410481)
(291410481),(3118413748),(3118395217)
(3118395217),(291410481),(4867377031)
(4867377031),(3118395217),(4238291)
(280102687),(282906372)
(282906372),(280102687),(282906373)
(282906373),(282906372),(282906374)
(282906374),(282906373),(282906375)
(282906375),(282906374),(282906269),(282906376)
(296895470),(296895595),(4100848258)
(296895595),(296895470),(296895603)
(296895603),(296895595),(296894672)
(296894672),(296895603),(4553416197)
(4553416197),(296894672),(4553416198)
(4553416198),(4553416197),(4553416199)
(4553416199),(4553416198),(4553416200)
(4553416200),(4553416199)
(4553416194),(4553416193)
(4553416193),(4553416194),(4553416192)
(4553416192),(4553416193),(4553416191)
(4553416191),(4553416192),(296894527)
(296894527),(4553416191),(296895562)
(296895562),(296894527),(4100848272)
(4100848272),(296895562),(4553416204)
(29402127),(29402128),(29402126),(4457341425)
(29402128),(29402127)
(296896016),(2026115614)
(2026115614),(296896016),(4238269)
(4238269),(2026115614),(243881334)
(243881334),(4238269),(4238271)
(4238271),(243881334),(243881333)
(243881333),(4238271),(4929293366)
(4929293366),(243881333),(243881332)
(243881332),(4929293366),(4929293367)
(4929293367),(243881332),(4238272)
(4238272),(4929293367),(4929293369)
(4929293369),(4238272),(967959582)
(967959582),(4929293369),(243881331)
(243881331),(967959582),(4254615466)
(4254615466),(243881331),(966854069)
(966854069),(4254615466),(243881329)
(243881329),(966854069),(243881328)
(243881328),(243881329),(3064133736)
(3064133736),(243881328),(4238273)
(4238273),(3064133736),(4359222168)
(4359222168),(4238273),(243881327)
(243881327),(4359222168),(4359222154)
(4359222154),(243881327),(5393556978)
(282730598),(321305136)
(321305136),(282730598),(321305137)
(321305137),(321305136)
(414188036),(414188037),(414188078)
(414188037),(414188036),(414188038)
(414188038),(414188037),(414188039)
(414188039),(414188038),(414188043),(414188113)
(414188043),(414188039),(414188045)
(414188077),(414188115)
(414188115),(414188077),(414188078)
(414188078),(414188115),(414188036),(414230478)
(414188104),(414188105)
(414188105),(414188104),(414188106)
(414188106),(414188105),(414188107)
(414188107),(414188106),(414188108)
(414188108),(414188107),(414188109),(414188116)
(414188109),(414188108),(414188110)
(414188110),(414188109),(414188111)
(414188111),(414188110),(414188112)
(414188112),(414188111),(414188113)
(414188113),(414188112),(414188039)
(414188116),(414188108),(414188117)
(414188117),(414188116)
(414196987),(103116427)
(103116427),(414196987),(4451315140)
(4451315140),(103116427),(4238253),(4451315139),(4451315141)
(414196988),(414196996),(414196990)
(414196996),(414196988),(414196997)
(414196997),(414196996),(414196998)
(414196998),(414196997),(414196999)
(414196999),(414196998),(662251156)
(662251156),(414196999),(414197000)
(414197000),(662251156),(414197001)
(414197001),(414197000),(414197002)
(414197002),(414197001),(414197003)
(414197003),(414197002),(414197004)
(414197004),(414197003),(414197005)
(414197005),(414197004),(414197006)
(414197006),(414197005),(414197007)
(414197007),(414197006),(414197009)
(414197009),(414197007),(414197010)
(414197010),(414197009),(414197011)
(414197011),(414197010),(414197038)
(414197038),(414197011),(414197012),(414197037)
(414197012),(414197038),(414197013)
(414197013),(414197012),(414197014)
(414197014),(414197013),(414197015)
(414197015),(414197014),(414197016)
(414197016),(414197015),(414197017)
(414197017),(414197016),(414197018)
(414197018),(414197017),(414197019)
(414197019),(414197018),(414197020)
(414197020),(414197019),(414197043)
(414197029),(414197030),(247123668),(29396383)
(414197030),(414197029),(414197031)
(414197031),(414197030),(414197032)
(414197032),(414197031),(414197033)
(414197033),(414197032),(414197034)
(414197034),(414197033),(414197035)
(414197035),(414197034),(414197036),(414197039)
(414197036),(414197035),(414197037)
(414197037),(414197036),(414197038)
(414197039),(414197035),(414197040)
(414197040),(414197039),(414197041)
(414197041),(414197040),(414197042)
(414197042),(414197041),(414197043)
(414197043),(414197042),(414197020)
(414230478),(414188078),(291413891)
(291413891),(414230478)
(244065824)
(244065823)
(244065822)
(244065821)
(244065820)
(244065819)
(244065817)
(244065816)
(244065815)
(244065814)
(244065813)
(244065812)
(244065811)
(244065810)
(244065809)
(4864008111),(4238293),(26932052)
(26932052),(4864008111),(4864008110)
(4864008110),(26932052),(26932053)
(26932053),(4864008110),(4864008109)
(4864008109),(26932053),(4457341455)
(4457341455),(4864008109),(26917980),(4457341454),(4457341456)
(26917980),(4457341455),(923190999)
(923190999),(26917980),(26917982),(4457341458),(4457341452)
(29396399),(276256774)
(282832408),(4864020856)
(4864020856),(282832408),(4864020857)
(4864020857),(4864020856),(443975077)
(443975077),(4864020857),(282832461)
(282832461),(443975077)
(282832459),(282832477)
(282832477),(282832459)
(293533955)
(29396388)
(103117117)
(29396389)
(29396394)
(29396390)
(29396391)
(29396392),(281076242),(718497018)
(718497018),(29396392),(280102835)
(280102835),(718497018),(29396393)
(29396393),(280102835),(29396395)
(29396395),(29396393),(29396396)
(29396396),(29396395),(3252671067)
(3252671067),(29396396),(363848171)
(363848171),(3252671067),(29396397)
(29396397),(363848171),(29396398)
(29396398),(29396397),(4864023875)
(4864023875),(29396398),(26932060)
(998487576)
(278911900)
(998487582)
(278911901)
(280094308),(280094828),(280094309)
(280094309),(280094308),(2802132884)
(2802132884),(280094309),(280094530)
(280094530),(2802132884),(280094832)
(280094965),(280094966),(2802133849)
(280094966),(280094965),(2802132838)
(2802132838),(280094966),(2802132894)
(2802132894),(2802132838),(280094967)
(280094967),(2802132894),(1616009277)
(1616009277),(280094967),(292370432),(1616009275)
(292370432),(1616009277),(280094889)
(29402125),(963995631),(4457341423)
(4457341423),(29402125),(29402126)
(29402126),(4457341423),(29402127)
(440701551),(4852519868),(4921036593)
(4852519868),(440701551),(982965484),(982965362)
(982965484),(4852519868),(982965358)
(982965358),(982965484),(982965466)
(982965466),(982965358)
(982965379),(4921036560),(982965449)
(4921036560),(982965379)
(982965386),(4921036585),(982965453),(982965442)
(4921036585),(982965386),(4906509280)
(4906509280),(4921036585),(4906509281)
(982965470),(293535244),(982965292),(982965449)
(293535244),(982965470),(4921036569)
(982965320),(4921036579),(982965442),(982965292)
(4921036579),(982965320),(4921036575)
(982965508),(982965492)
(982965492),(982965508),(982965429)
(982965429),(982965492),(982965413)
(982965413),(982965429),(982965333)
(982965333),(982965413),(2785870923)
(2785870923),(982965333),(982965308)
(982965308),(2785870923),(982965479)
(982965479),(982965308),(982965463)
(982965463),(982965479),(982965390),(982965408),(982965299)
(982965390),(982965463),(982965374)
(982965374),(982965390),(982965278)
(982965278),(982965374),(982965505)
(982965505),(982965278),(982965442)
(982965442),(982965505),(982965386),(982965320)
(982965449),(415482222),(982965470),(982965379)
(415482222),(982965449)
(982965297),(4366426108),(4906509253)
(4366426108),(982965297),(982965499)
(982965499),(4366426108),(4366426113)
(4366426113),(982965499),(4366426115)
(4366426115),(4366426113),(982965489)
(982965489),(4366426115),(4366426114)
(4366426114),(982965489),(982965421)
(982965421),(4366426114),(982965404)
(982965404),(982965421),(982965500)
(982965500),(982965404),(982965340),(4366426111),(4366426112)
(982965340),(982965500),(982965496)
(982965496),(982965340),(4366426116)
(4366426116),(982965496),(4366426117)
(4366426117),(4366426116),(982965451)
(982965451),(4366426117),(982965486)
(982965486),(982965451),(4366426118)
(4366426118),(982965486),(982965380)
(982965380),(4366426118),(982965359)
(982965359),(982965380),(4366426119)
(4366426119),(982965359),(982965272)
(982965272),(4366426119),(4366426120)
(4366426120),(982965272),(982965494)
(982965494),(4366426120),(982965437)
(982965437),(982965494),(982965361)
(982965361),(982965437),(982965273)
(982965273),(982965361),(982965495)
(982965495),(982965273),(4366426121)
(4366426121),(982965495),(4366426122)
(4366426122),(4366426121),(4366426123)
(4366426123),(4366426122),(982965438)
(982965438),(4366426123),(4366426124)
(4366426124),(982965438),(982965417)
(982965417),(4366426124),(982965338)
(982965338),(982965417),(982965318)
(982965318),(982965338),(982965485)
(982965485),(982965318),(982965468)
(982965468),(982965485),(4906509252)
(4906509252),(982965468),(982965394)
(982965394),(4906509252),(982965377)
(982965377),(982965394),(4906672274),(982965290)
(982965296),(4921047833),(982965323),(982965472)
(4921047833),(982965296),(4906509267)
(4906509267),(4921047833),(4906509268)
(4366426111),(982965500),(4366426110)
(4366426110),(4366426111),(4366426109)
(4366426109),(4366426110),(982965407)
(982965407),(4366426109),(2785870906)
(2785870906),(982965407),(4366426107)
(4366426107),(2785870906),(982965324)
(982965324),(4366426107),(982965365)
(982965365),(982965324),(4366626818),(4366626817)
(4366626818),(982965365),(4366626816)
(4366626816),(4366626818),(982965454)
(982965454),(4366626816),(982965439)
(982965439),(982965454),(4366626813)
(4366626813),(982965439),(2785870931)
(2785870931),(4366626813),(4366626810)
(4366626810),(2785870931),(982965362)
(982965362),(4366626810),(4852519870),(4852519868)
(4852519870),(982965362),(982965342),(4852519871)
(982965342),(4852519870),(4852519869)
(4852519869),(982965342),(982965497)
(982965497),(4852519869),(3246136498)
(3246136498),(982965497),(3246136492),(982965487)
(982965453),(982764659),(982965472),(982965386)
(982764659),(982965453),(4906509273)
(4906509273),(982764659),(4906509274)
(1031020258),(4013605742)
(4013605742),(1031020258),(1031020259)
(1031020259),(4013605742),(4013605745)
(4013605745),(1031020259),(4013605746)
(4013605746),(4013605745),(4013605748)
(4013605748),(4013605746)
(282906376),(282906375),(282906377)
(282906377),(282906376),(280812518)
(280812518),(282906377),(280102684)
(280102684),(280812518)
(26916545),(26916541),(4285947889)
(26916541),(26916545)
(1616009286),(1616009288)
(1616009288),(1616009286),(1616009275)
(1616009275),(1616009288),(1616009277)
(246669888),(440726194),(4069393917)
(440726194),(246669888),(440701644)
(440701644),(440726194),(2671282456)
(2671282456),(440701644),(4238301)
(4238301),(2671282456),(2671282462)
(2671282462),(4238301),(2671282465)
(2671282465),(2671282462),(440701652)
(440701652),(2671282465),(2701337887)
(2701337887),(440701652),(4878987483)
(4878987483),(2701337887)
(4069393917),(246669888),(943286609)
(943286609),(4069393917),(440726222)
(440726222),(943286609),(4232914802)
(4232914802),(440726222),(4069287458)
(4069287458),(4232914802),(4069287452)
(4069287452),(4069287458),(243882242)
(243882242),(4069287452),(4069393906)
(4069393906),(243882242),(4879206218)
(4879206218),(4069393906),(4069393896)
(4069393896),(4879206218),(4238302)
(4238302),(4069393896),(4560991252)
(4560991252),(4238302),(243882238)
(243882238),(4560991252)
(280094836),(280094128),(2582318406)
(280094128),(280094836),(2582318409)
(2582318409),(280094128),(280094129)
(280094129),(2582318409),(280094130)
(280094130),(280094129),(280094838)
(280094838),(280094130),(280094132)
(280094132),(280094838),(280094315)
(280094315),(280094132),(280094316)
(280094316),(280094315),(280094839)
(280094839),(280094316),(280094136)
(280094136),(280094839),(280094318)
(280094318),(280094136),(280094138)
(280094138),(280094318),(280094534)
(280094534),(280094138),(280094535)
(280094535),(280094534),(2582318466)
(2582318466),(280094535),(280094321),(2582318463)
(280094321),(2582318466),(280094142)
(280094142),(280094321),(280094536)
(280094536),(280094142),(280094144),(280094172)
(280094144),(280094536),(280094145)
(280094145),(280094144),(280094146)
(280094146),(280094145),(280094537)
(280094537),(280094146),(280094148)
(280094148),(280094537),(280094324)
(280094150),(280094324),(4852519872)
(4852519872),(280094150),(4852519873)
(280094151),(4852519873),(280094152),(2785870845),(2785870916)
(280094152),(280094151),(2785870812)
(2785870812),(280094152),(280094325)
(280094325),(2785870812),(4852519875)
(4852519875),(280094325),(280094154)
(280094154),(4852519875),(280094538)
(280094538),(280094154),(280094539)
(280094539),(280094538),(280094328)
(280094328),(280094539),(280094158)
(280094158),(280094328),(280094840)
(280094840),(280094158),(280094160)
(280094160),(280094840),(280094330),(2785870848),(2785870809)
(280094330),(280094160),(3064104628)
(3064104628),(280094330),(3064104455)
(3064104455),(3064104628),(280094331)
(280094331),(3064104455),(280094841)
(280094841),(280094331),(3246299290)
(3246299290),(280094841),(280094164)
(280094164),(3246299290),(280094166)
(280094166),(280094164),(280094167)
(280094167),(280094166),(280094334)
(280094170),(280094334),(280094353)
(280094172),(280094353),(280094536)
(280094120),(280094832),(280094311)
(2802133875),(280094311),(280094122)
(280094122),(2802133875),(4386375141)
(4386375141),(280094122),(280094124)
(280094124),(4386375141),(2582318419)
(2582318419),(280094124),(280094312),(2582318422)
(280094312),(2582318419),(280094126)
(280094126),(280094312),(2582318406)
(2582318406),(280094126),(280094836)
(2582318422),(2582318419),(2582318425)
(2582318425),(2582318422),(2582318429)
(2582318429),(2582318425),(2582318433)
(2582318433),(2582318429),(2582318436)
(2582318436),(2582318433),(2582318451)
(2582318451),(2582318436),(2582318454)
(2582318454),(2582318451),(2582318457)
(2582318457),(2582318454),(2582318460)
(2582318460),(2582318457),(2582318463)
(2582318463),(2582318460),(2582318466)
(2701337830),(4900701038)
(4900701038),(2701337830),(2701337823),(4900701037)
(2701337823),(4900701038),(2701337821)
(2701337821),(2701337823),(4069393924)
(4069393924),(2701337821),(4069393925)
(2785870919),(2785870815),(2785870876)
(2785870815),(2785870919),(2785870880)
(2785870880),(2785870815),(3246136492),(982965301),(982965476),(4852519871)
(3246136492),(2785870880),(3246136498)
(2785870876),(2785870919),(2785870837)
(2578059080),(280094834)
(280094834),(2578059080),(2578059076)
(2578059076),(280094834),(705587975)
(705587975),(2578059076),(280094599)
(5393556978),(4359222154),(5393556977)
(2785870837),(2785870876),(2785870851)
(2785870851),(2785870837),(2785870897)
(2785870897),(2785870851),(2785870940)
(2785870940),(2785870897),(2785870869)
(2785870869),(2785870940),(2785870859)
(2785870859),(2785870869),(4852519877)
(4852519877),(2785870859),(2785870839)
(2785870839),(4852519877),(2785870870)
(2785870870),(2785870839),(2785870827)
(2785870827),(2785870870),(2785870841)
(2785870841),(2785870827),(2785870832)
(2785870832),(2785870841),(2785870848)
(982965487),(3246136498),(982965420)
(982965420),(982965487),(982965323)
(982965323),(982965420),(982965296)
(982965472),(982965296),(982965453)
(982965292),(982965320),(982965470)
(982965461),(982965441)
(982965441),(982965461),(982965372)
(982965372),(982965441),(2785870902)
(2785870902),(982965372),(982965345)
(982965345),(2785870902),(2785870860)
(2785870860),(982965345),(982965502)
(982965502),(2785870860),(982965490)
(982965490),(982965502),(982965426)
(982965426),(982965490),(982965408)
(982965408),(982965426),(982965463)
(982965299),(982965463),(982965473)
(982965473),(982965299),(2785870867)
(2785870867),(982965473),(982965412)
(982965412),(2785870867),(982965332)
(982965332),(982965412),(982965302)
(982965302),(982965332),(982965477)
(982965477),(982965302),(982965459)
(982965459),(982965477),(982965389)
(982965389),(982965459),(2785870857)
(2785870857),(982965389),(982965330)
(982965330),(2785870857),(2785870825)
(2785870825),(982965330),(982965301)
(982965301),(2785870825),(2785870880)
(982965476),(2785870880),(2785870938)
(2785870938),(982965476),(4366626807)
(4366626807),(2785870938),(982965456)
(982965456),(4366626807),(4366626808)
(4366626808),(982965456),(4366626809)
(4366626809),(4366626808),(4366626811)
(4366626811),(4366626809),(4366626812)
(4366626812),(4366626811),(982965388)
(982965388),(4366626812),(4366626814)
(4366626814),(982965388),(4366626815)
(4366626815),(4366626814),(2785870829)
(2785870829),(4366626815),(4366626817)
(4366626817),(2785870829),(982965365)
(2785870848),(280094160),(2785870832)
(2785870809),(280094160),(2785870844)
(2785870844),(2785870809),(2785870883)
(2785870883),(2785870844),(2785870888)
(2785870888),(2785870883),(2785870934)
(2785870934),(2785870888),(2785870845)
(2785870845),(2785870934),(280094151)
(2785870916),(280094151)
(4864008821),(4864008120)
(4864008120),(4864008821),(286806447)
(286806447),(4864008120),(4238288)
(4238288),(286806447),(276256550)
(276256550),(4238288),(98025407)
(98025407),(276256550),(280111154)
(4864008116),(280111154),(4238289)
(4238289),(4864008116),(4864008115)
(4864008115),(4238289),(278286967)
(278286967),(4864008115),(98025405)
(98025405),(278286967),(4864008113)
(4864008113),(98025405),(4238293)
(4457341425),(29402127),(30847323)
(30847323),(4457341425),(4457341426)
(4457341426),(30847323),(30847322)
(30847322),(4457341426),(4457341427)
(4457341427),(30847322),(30847321)
(30847321),(4457341427),(30847320)
(30847320),(30847321),(4457341428)
(4457341428),(30847320),(30847319)
(4069393926),(4069393921),(4069393925),(4900701031)
(4069393921),(4069393926),(4069393922)
(4069393922),(4069393921),(4069393923),(4900701027)
(4069393923),(4069393922),(2701337820),(4900701012)
(4069393927),(2701337820),(4359220287)
(2701337820),(4069393927),(4069393923)
(4069393928),(4906672278),(4900700858)
(4906672278),(4069393928),(4069393930),(4359222166)
(4069393930),(4906672278),(4069425645),(4069393931)
(4069425645),(4069393930),(4069393929),(4069425644)
(4069393929),(4069425645),(4069425646),(4069394212)
(4069393931),(4069393930)
(4069425627),(4069393982),(4069425658),(4900700849)
(4069393982),(4069425627),(4069425662),(440701621)
(4069425662),(4069393982),(5375829190),(4069394222)
(5375829190),(4069425662),(5416339374)
(5416339374),(5375829190),(4069393938)
(4069393938),(5416339374),(5375829189),(4069393939)
(5375829189),(4069393938),(4069425621)
(4069425621),(5375829189),(4069393933),(4359220320)
(4069393933),(4069425621),(4913160020),(4900700846)
(4913160020),(4069393933),(5375829186),(4913160221)
(5375829186),(4913160020),(4913160222)
(4913160222),(5375829186),(4900700841),(4911828765)
(4069393932),(4069425658),(4069394203)
(4069425658),(4069393932),(4069425627),(440701619)
(4069393939),(4069393938),(4069393943)
(4069393943),(4069393939),(4069393940),(4069393944)
(4069393940),(4069393943),(5375829150)
(5375829150),(4069393940),(4069393942)
(508547030),(5375829151),(5375829152)
(5375829151),(508547030),(4069393942),(5375829172)
(4069393944),(4069393943),(4069393945)
(4069393945),(4069393944),(4900700839)
(4900700839),(4069393945),(5375829188),(4913160221),(5375829161)
(5375829188),(4900700839),(5375829187),(4906672257)
(5375829187),(5375829188)
(4069393951),(4100848199),(4100848200),(4900700305)
(4100848199),(4069393951),(4069393962),(5375829195)
(4069393962),(4100848199),(4100848192)
(4100848192),(4069393962),(4100848191),(5375829196)
(4100848191),(4100848192),(4069393963)
(4069393963),(4100848191),(4069393964)
(4069393964),(4069393963),(4100848189),(4069393976)
(4100848189),(4069393964),(4069393969),(5375829197)
(4069393969),(4100848189),(4088176847)
(4069393967),(4918102115)
(4918102115),(4069393967),(4918102114)
(4918102114),(4918102115),(4069393968)
(4069393968),(4918102114),(4069393965)
(4088176847),(4069393969),(5375829199),(4088176848)
(5375829199),(4088176847),(4069393970),(5375829200)
(4069393970),(5375829199),(5375829201),(4069393972)
(4069393972),(4936923791),(4069393974),(4069425596),(4069393970)
(4936923791),(4069393972),(5375829202),(4936923793)
(5375829202),(4936923791),(4069425555)
(4069425555),(5375829202),(4069425558)
(4069393974),(4069393972),(4069393975)
(4069393975),(4069393974),(4069393976)
(4069393976),(4069393975),(4069393977),(4069393964),(5375829206)
(4069393977),(4069393976),(4069394265),(4069425598)
(4069394265),(4069393977),(4069393978)
(4069393978),(4069394265),(4069425529)
(5375829165),(5375829168),(5375829167),(4900700300)
(5375829168),(5375829165),(5375829170)
(5375829170),(5375829168),(4100848209),(5375829171)
(4100848209),(5375829170),(4267160646),(4919391737)
(4267160646),(4100848209),(4100848210),(4267160647),(5375829163)
(4100848210),(4267160646),(4069393979),(4906509309)
(4069393979),(4100848210),(5375829152),(4069394243)
(5375829152),(4069393979),(508547030)
(4069393980),(4069393981),(4359220323)
(4069393981),(4069393980),(4069394217)
(440701621),(4069393982),(4069393985)
(4069393985),(440701621),(4069393983)
(4069393983),(4069393985),(4069393984)
(4069393984),(4069393983),(968741754)
(4069393986),(4069393987),(4069425661)
(4069393987),(4069393986),(4929293375)
(4929293375),(4069393987),(4929293365),(4929293376)
(4929293365),(4929293375),(4069393988)
(4069393988),(4929293365),(4069394189)
(4069394189),(4069393988),(4929293374)
(4929293374),(4069394189),(4069394190),(4929293373)
(4069394190),(4929293374),(4069394191)
(4069394191),(4069394190),(4069394192),(4102578688)
(4069394192),(4069394191),(4069425661)
(4069425661),(4069394192),(4069393986),(4069425660)
(4069394193),(4069394194),(4215954658)
(4069394194),(4069394193),(4069394195)
(4069394195),(4069394194),(4069394196)
(4069394196),(4069394195),(4069394197),(4929293372)
(4069394197),(4069394196),(4069394198)
(4069394198),(4069394197),(4929293371)
(4929293371),(4069394198),(4069394202),(4929293370)
(4069394202),(4929293371),(4069394201)
(4069394201),(4069394202),(4215954658),(4286779617)
(4215954658),(4069394201),(968742011),(4069425656),(4069394193)
(968742011),(4215954658),(4215954659)
(4215954659),(968742011)
(4069394203),(4069393932),(440701624),(440701622)
(440701624),(4069394203),(4069394204)
(4069394204),(440701624),(4069394205)
(4069394205),(4069394204),(4102578688)
(4102578688),(4069394205),(4069394191)
(4069394206),(4069394207),(4069394213)
(4069394207),(4069394206),(4254615467)
(4254615467),(4069394207),(4069394208)
(4069394208),(4254615467),(4069394209),(4929293370)
(4069394209),(4069394208),(4069394210)
(4069394210),(4069394209),(4069394211)
(4069394211),(4069394210),(4069394212)
(4069394212),(4069394211),(4069394213),(4069393929)
(4069394213),(4069394212),(4069394206),(4069425647)
(4359222162),(4359222161)
(4359222161),(4359222162),(4359222160)
(4359222160),(4359222161),(4359222165),(4359222159)
(4359222165),(4359222160),(4069425646),(4359222166)
(4069425646),(4359222165),(4359222164),(4069393929)
(4359222164),(4069425646),(4069394215)
(4069394215),(4359222164),(4069394216)
(4069394216),(4069394215)
(4069394217),(968741754),(4069394221),(4069393981)
(968741754),(4069394217),(4069394218),(4069393984)
(4069394218),(968741754),(4069394219)
(4069394219),(4069394218),(4069394220)
(4069394220),(4069394219),(4069394221),(4929293376)
(4069394221),(4069394220),(4069394217)
(4069394222),(4069394223),(4069425662)
(4069394223),(4069394222),(4069394224)
(4069394224),(4069394223),(4069394225)
(4069394225),(4069394224),(4069394226)
(4069394226),(4069394225),(4069394227)
(4069394227),(4069394226),(4167950406)
(4167950406),(4069394227),(4069394228)
(4069394228),(4167950406),(4069394229)
(4069394229),(4069394228),(4069394230)
(4069394230),(4069394229),(4069394240)
(4069394240),(4069394230),(4069394231),(4069394239)
(4069394231),(4069394240),(4069394232)
(4069394232),(4069394231),(4069394234)
(4069394234),(4069394232),(4069394233),(4069394235)
(4069394233),(4069394234),(4100848221)
(4069394235),(4069394234),(4069394236),(4100848218)
(4069394236),(4069394235),(4069394237),(4100848216)
(4069394237),(4069394236),(4069394238)
(4069394238),(4069394237),(4069394239)
(4069394239),(4069394238),(4069394240)
(4100848216),(4069394236),(4069394241),(4100848215)
(4069394241),(4100848216),(4069394242)
(4069394242),(4069394241),(4100848212)
(4100848212),(4069394242),(4069394243),(4309631395)
(4069394243),(4100848212),(4069393979)
(4359220266),(4359220265)
(4359220265),(4359220266),(4359220264)
(4359220264),(4359220265),(4359220263)
(4359220263),(4359220264),(4359220262)
(4359220262),(4359220263),(4359220281)
(4359220281),(4359220262),(4359220261),(4359222153)
(4359220261),(4359220281),(4359220260)
(4359220260),(4359220261),(4069394244)
(4069394244),(4359220260),(1447547807)
(1447547807),(4069394244),(5393556979)
(5393556979),(1447547807),(5393556980)
(4072645808),(4072645811),(440701613),(4072645809)
(4072645811),(4072645808),(4072645810)
(4072645810),(4072645811),(4072645807)
(4072645807),(4072645810),(4069394261)
(4069394261),(4072645807),(5375829206),(4906672260)
(5375829206),(4069394261),(4069393976)
(4069425500),(4069425501),(4069425511),(4316280462)
(4069425501),(4069425500),(4069425502),(4909724653)
(4069425502),(4069425501),(4069425510),(4909724654)
(4069425510),(4069425502),(4069425503),(4069425511)
(4069425503),(4069425510),(4069425504)
(4069425504),(4069425503),(4069425505),(4359220325)
(4069425505),(4069425504),(4069425506)
(4069425506),(4069425505),(4069425666)
(4069425666),(4069425506),(4069425507),(4069425667)
(4069425507),(4069425666),(4316280460)
(4316280460),(4069425507),(4069425508)
(4069425508),(4316280460),(4069425509)
(4069425509),(4069425508),(4069425511)
(4069425511),(4069425509),(4069425510),(4069425500)
(4069425512),(4069425513),(4069425528)
(4069425513),(4069425512),(4069425514)
(4069425514),(4069425513),(4069425515)
(4069425515),(4069425514),(4069425516)
(4069425516),(4069425515),(4069425517)
(4069425517),(4069425516),(4069425518)
(4069425518),(4069425517),(4069425519)
(4069425519),(4069425518),(440701613)
(440701613),(4069425519),(4072645808)
(4072645809),(4072645808),(440701604),(4069393957)
(440701604),(4072645809),(4069425521)
(4069425521),(440701604),(4069425522)
(4069425522),(4069425521),(4069425523)
(4069425523),(4069425522),(4069425524)
(4069425524),(4069425523),(4069425525)
(4069425525),(4069425524),(4069425526)
(4069425526),(4069425525),(4069425527)
(4069425527),(4069425526),(4316280459)
(4316280459),(4069425527),(4069425528),(4316280458)
(4069425528),(4316280459),(4069425512)
(4069425529),(4069393978),(4069425530)
(4069425530),(4069425529),(4316280462)
(4316280462),(4069425530),(4069425500)
(4909724653),(4069425501),(4909724651)
(4909724651),(4909724653),(5375831130),(4069425532),(4069425533)
(5375831130),(4909724651),(4069425531)
(4909724654),(4069425502),(4069425532)
(4069425532),(4909724654),(4909724651),(4069425589)
(4069425533),(4909724651),(4069425534)
(4069425534),(4069425533),(4909724657)
(4909724657),(4069425534),(4069425535)
(4069425535),(4909724657),(5375829205)
(5375829205),(4069425535),(4069425536)
(4069425536),(5375829205),(4069425537)
(4069425537),(4069425536),(4069425538)
(4069425538),(4069425537),(4069425539)
(4069425539),(4069425538),(4069425540)
(4069425540),(4069425539),(4900700828)
(4069425558),(4069425555),(4069425559)
(4069425559),(4069425558),(4069425560)
(4069425560),(4069425559),(4069425563)
(4069425563),(4069425560),(4069425561),(4069425564)
(4069425561),(4069425563),(4069425586),(4069425588)
(4069425586),(4069425561),(4069425562),(4069425564)
(4069425562),(4069425586),(4918102113)
(4069425564),(4069425563),(4069425565),(4069425586)
(4069425565),(4069425564),(982834271)
(982834271),(4069425565),(4069425567)
(4069425567),(982834271),(4069425568)
(4069425568),(4069425567)
(4069425569),(4069425570)
(4069425570),(4069425569),(4069425571)
(4069425571),(4069425570),(4069425572)
(4069425572),(4069425571),(4069425573),(4100846438)
(4069425573),(4069425572),(4100846432)
(4100846432),(4069425573),(4069425574),(4100846433)
(4069425574),(4100846432),(4069425575)
(4069425575),(4069425574),(4069425576)
(4069425576),(4069425575),(4069425577)
(4069425577),(4069425576),(4918102111),(4918102113)
(4918102111),(4069425577),(4069425578)
(4069425578),(4918102111),(4069425579)
(4069425579),(4069425578)
(4069425587),(4069425588),(4069425548),(4069425549)
(4069425588),(4069425587),(4069425561)
(4069425589),(4069425532),(4909724649)
(4069425590),(440701627),(4088176850),(4100846478)
(440701627),(4069425590)
(4069425596),(4069393972),(4088176849)
(4088176849),(4069425596),(4088176848)
(4088176848),(4088176849),(4088176847)
(4069425598),(4069393977)
(4072645816),(4069425600)
(4069425600),(4072645816),(4069425601)
(4069425601),(4069425600),(4069425602)
(4069425602),(4069425601),(4069425603)
(4069425603),(4069425602),(4069425604)
(4069425604),(4069425603),(4069425605)
(4069425605),(4069425604),(4069425606)
(4069425606),(4069425605),(4069425607)
(4069425607),(4069425606),(4072645819)
(4072645819),(4069425607),(4900700314)
(4900700314),(4072645819),(968745666),(4900700845)
(4359220325),(4069425504),(4069425663)
(4069425663),(4359220325),(4069425664),(4911828764)
(4900700841),(4913160222),(4911828761)
(4911828765),(4913160222),(4069425615)
(4069425615),(4911828765),(4069425616)
(4069425616),(4069425615),(4069425617)
(4069425617),(4069425616),(4359220317)
(4359220317),(4069425617),(4069425618)
(4069425618),(4359220317),(4069425619),(4359220319)
(4069425619),(4069425618),(4069425620)
(4069425620),(4069425619),(4900700846)
(4900700846),(4069425620),(4069393933)
(4359220320),(4069425621),(4069425622),(4359220319)
(4069425622),(4359220320),(4359220318)
(4359220318),(4069425622),(4069425623)
(4069425623),(4359220318),(4359220322)
(4359220322),(4069425623),(4069425624),(4359220324)
(4069425624),(4359220322),(4069425625)
(4069425625),(4069425624),(4069425626)
(4069425626),(4069425625),(4900700849)
(4900700849),(4069425626),(4069425627)
(4359220323),(4069393980),(4069425628)
(4069425628),(4359220323),(4069425629),(4359220324)
(4069425629),(4069425628),(4069425631)
(4069425631),(4069425629),(4069425630),(4926656122)
(4069425630),(4069425631),(4102578679)
(4926656122),(4069425631),(4900700856)
(4900700856),(4926656122),(4069425632)
(4069425632),(4900700856),(4069425633)
(4069425633),(4069425632),(4102578681)
(4102578681),(4069425633)
(4933983311),(4069425634)
(4069425634),(4933983311),(4926656123)
(4926656123),(4069425634),(4069425635)
(4069425635),(4926656123),(4069425636),(4102578679)
(4069425636),(4069425635),(4069425637)
(4069425637),(4069425636),(4069425638)
(4069425638),(4069425637),(4100525284)
(4100525284),(4069425638),(4069425639),(4100525283)
(4069425639),(4100525284),(4100525281)
(4100525281),(4069425639),(4100525282)
(4100525282),(4100525281),(4069425640),(4069425641),(4919395365)
(4100525283),(4100525284),(4069425640)
(4069425640),(4100525283),(4100525282)
(4069425641),(4100525282),(4069425642)
(4069425642),(4069425641),(4919395363)
(4919395363),(4069425642),(4069425643)
(4069425643),(4919395363),(4069425644)
(4069425644),(4069425643),(4069425645)
(4069425647),(4069394213),(4069425648)
(4069425648),(4069425647),(967959254)
(967959254),(4069425648),(4069425649)
(4069425649),(967959254),(4069425650)
(4069425650),(4069425649),(4069425651)
(4069425651),(4069425650),(4069425652)
(4069425652),(4069425651),(967960623)
(967960623),(4069425652),(4069425653)
(4069425653),(967960623),(4069425654)
(4069425654),(4069425655),(4069425653)
(4069425655),(4069425654),(4286779617)
(4286779617),(4069425655),(4069394201)
(4102578687),(4069425656)
(4069425656),(4102578687),(4215954658)
(440701622),(4069394203)
(440701619),(4069425658),(4069425659)
(4069425664),(4069425663),(4069425665)
(4069425665),(4069425664)
(4069425667),(4069425666),(4316280458)
(4900700827),(4069425668),(4900700828)
(4069425668),(4900700827),(4090481649)
(4072647433),(4069393971)
(4069393971),(4072647433),(5375829201)
(5375829201),(4069393971),(4069393970)
(5375829204),(4900700821),(4069425553)
(4900700821),(5375829204),(4069399764)
(4100846433),(4100846432),(4100846434)
(4100846434),(4100846433)
(4100846438),(4069425572),(4100846439)
(4100846439),(4100846438),(4100846440)
(4100846440),(4100846439)
(4100846454),(4100846455)
(4100846455),(4100846454),(4100846456)
(4100846456),(4100846455),(4100846461),(4100846463)
(4100846461),(4100846456),(4100846459),(4100846462)
(4100846459),(4100846461),(4100846457)
(4100846457),(4100846459)
(4100846462),(4100846461)
(4100846463),(4100846456),(4879854903)
(4879854903),(4100846463),(4100846464)
(4100846464),(4879854903),(4100846465)
(4100846465),(4100846464),(4100846467)
(4100846467),(4100846465),(4100846466),(4100846468)
(4100846466),(4100846467)
(4100846468),(4100846467),(4100846469)
(4100846469),(4100846468),(4100846470)
(4100846470),(4100846469),(4919391743)
(4919391743),(4100846470),(4100846471),(4919391744)
(4100846471),(4919391743),(4100846472)
(4100846472),(4100846471),(4100846473)
(4100846473),(4100846472),(4100846474)
(4100846474),(4100846473),(4100846475)
(4100846475),(4100846474),(4100846476)
(4100846476),(4100846475),(4100846477)
(4100846477),(4100846476),(4100846478)
(4100846478),(4100846477),(4069425590),(4069393965)
(4088176850),(4879872426),(4069425590),(5375829198)
(4879872426),(4088176850),(4100846479)
(4100846479),(4879872426),(4100846480)
(4100846480),(4100846479),(4100846481)
(4100846481),(4100846480),(4100846482)
(4100846482),(4100846481),(4100846483)
(4100846483),(4100846482),(4100846485)
(4100846485),(4100846483),(4100846486),(4100846484)
(4100846486),(4100846485),(4100846487),(4100848190)
(4100846487),(4100846486),(4100846488)
(4100846488),(4100846487),(4879854902)
(4879854902),(4100846488),(5375829197)
(5375829197),(4879854902),(4100848189)
(4100848190),(4100846486),(4267147991)
(5375829196),(4100848192),(4267147992)
(4267147992),(5375829196),(4100848193),(4267147991)
(4100848193),(4267147992),(4100848194)
(4100848194),(4100848193),(4100848195),(4200402231)
(4100848195),(4100848194),(4919391741)
(4919391741),(4100848195),(4100848196),(4919391740)
(4100848196),(4919391741),(4100848197)
(4100848197),(4100848196),(4100848198)
(4100848198),(4100848197),(4200404621)
(4200404621),(4100848198),(5375829195)
(5375829195),(4200404621),(4100848199)
(4100848200),(5375829194),(5375829167),(4069393951)
(5375829194),(4100848200),(4200404622)
(4200404622),(5375829194),(4100848201)
(4100848201),(4200404622),(4100848202)
(4100848202),(4100848201),(4100848203)
(4100848203),(4100848202),(4100848204),(4919391740)
(4100848204),(4100848203),(4100848205)
(4100848205),(4100848204),(4100848206),(4919391739)
(4100848206),(4100848205),(4267160641)
(4267160641),(4100848206),(4267160643)
(4267160643),(4267160641),(4100848207)
(4100848207),(4267160643),(4100848208)
(4100848208),(4100848207),(4267160651)
(4267160651),(4100848208),(4919391737)
(4919391737),(4267160651),(4100848209)
(4906509309),(4100848210)
(4309631395),(4100848212),(4267160649)
(4267160649),(4309631395),(4100848214),(4267160648)
(4100848214),(4267160649),(4100848213),(4100848215)
(4100848213),(4100848214)
(4100848215),(4100848214),(4100848216),(4100848217)
(4100848217),(4100848215)
(4100848218),(4069394235),(4100848220)
(4100848220),(4100848218),(4100848219),(4100848221)
(4100848219),(4100848220)
(4100848221),(4100848220),(4069394233),(4100848222)
(4100848222),(4100848221),(4919391739)
(4100848223),(4100848224),(4100848249)
(4100848224),(4100848223),(4100848225)
(4100848225),(4100848224),(4100848226)
(4100848226),(4100848225),(4919391742)
(4919391742),(4100848226),(4100848227),(4919391744)
(4100848227),(4919391742),(4100848228)
(4100848228),(4100848227),(4100848229)
(4100848229),(4100848228),(4100848230)
(4100848230),(4100848229),(4100848231),(4100848248)
(4100848231),(4100848230),(4100848242)
(4100848242),(4100848231),(4100848232),(4100848243)
(4100848232),(4100848242),(4100848233)
(4100848233),(4100848232),(4100848234)
(4100848234),(4100848233),(4100848235)
(4100848235),(4100848234),(4100848236)
(4100848236),(4100848235),(4100848237)
(4100848237),(4100848236),(4100848238),(4331296204)
(4100848238),(4100848237),(4100848239)
(4100848239),(4100848238),(4100848240)
(4100848240),(4100848239),(4879872431)
(4879872431),(4100848240),(4100848241)
(4100848241),(4879872431),(4100848245)
(4100848243),(4100848242),(4100848244)
(4100848244),(4100848243),(4100848245)
(4100848245),(4100848244),(4100848241)
(4100848248),(4100848230)
(4100848249),(4100848223),(4100848250)
(4100848250),(4100848249),(4100848251)
(4100848251),(4100848250),(4100848253)
(4100848253),(4100848251),(4100848254),(4331296204)
(4100848254),(4100848253),(4100848255)
(4100848255),(4100848254),(4100848256)
(4100848256),(4100848255),(4879872428)
(4879872428),(4100848256),(4100848257)
(4100848257),(4879872428)
(4100848258),(296895470),(4100848259)
(4100848259),(4100848258),(4100848260)
(4100848260),(4100848259),(4100848261)
(4100848261),(4100848260),(4553416206)
(4553416206),(4100848261),(4100848262)
(4100848262),(4553416206),(4100848263)
(4100848263),(4100848262),(4100848264)
(4100848264),(4100848263),(4100848265)
(4100848265),(4100848264),(4100848266)
(4100848266),(4100848265),(4100848267)
(4100848267),(4100848266),(4100848268)
(4100848268),(4100848267),(4100848269)
(4100848269),(4100848268),(4100848270)
(4100848270),(4100848269),(4553416204)
(4553416204),(4100848270),(4100848272)
(4267147991),(4100848190),(4267147992)
(4267160647),(4267160646),(4267160648)
(4267160648),(4267160647),(4267160649)
(4285947889),(26916545),(26916549)
(1616009268),(26916549)
(26916549),(1616009268),(4285947889)
(4316280458),(4069425667),(4316280459)
(4331296204),(4100848253),(4100848237)
(4359222153),(4359220281),(4359220282)
(4359220282),(4359222153),(4904513427),(4904513426)
(4904513426),(4359220283),(4359220282)
(4359220283),(4904513426),(4359220284)
(4359220284),(4359220283),(5393556983)
(5393556983),(4359220284),(4359220285)
(4359220319),(4069425618),(4359220320)
(4359220324),(4359220322),(4069425628)
(4911828764),(4069425663),(4069425609)
(4069425609),(4911828764),(4911828763)
(4911828763),(4069425609),(4069425610)
(4069425610),(4911828763),(4069425611)
(4069425611),(4069425610),(4936921001)
(4936921001),(4069425611),(4069425612),(4911828761)
(4069425612),(4936921001),(4069425613)
(4069425613),(4069425612),(5375829185)
(5375829185),(4069425613),(4911828759)
(4359222155),(4900700864),(4904513427)
(4900700864),(4359222155),(4359222156)
(4359222156),(4900700864),(5393556981)
(5393556981),(4359222156),(5393556982)
(4359222166),(4359222165),(4906672278)
(4366426112),(982965500)
(4451315137),(4451315138),(4451315149),(25781630),(4238253)
(4451315138),(4451315137),(4451315139)
(4451315139),(4451315138),(4451315140)
(4451315141),(4451315140),(4451315142)
(4451315142),(4451315141),(4451315143)
(4451315143),(4451315142),(4451315144),(4238253),(29396382)
(4451315144),(4451315143),(4451315145)
(4451315145),(4451315144),(4451315146)
(4451315147),(4451315146),(4451315148)
(4451315148),(4451315147),(4451315149)
(4451315149),(4451315148),(4451315137)
(25781630),(4451315137)
(4456016758),(5393556988),(5393556987),(211452785)
(5393556988),(4456016758),(4456016759)
(4456016759),(5393556988),(4456016760)
(4456016760),(4456016759),(4456016761)
(4456016761),(4456016760),(4456016762)
(4456016762),(4456016761),(4456016763)
(4456016763),(4456016762),(4456016764)
(4456016764),(4456016763)
(4069393925),(4069393926),(4069393924)
(4457341463),(4457341462),(4457341464)
(4457341464),(4457341463),(4457341465)
(4457341465),(4457341464),(4457341452)
(4457341452),(4457341465),(4457341453),(923190999),(30847268)
(4457341453),(4457341452),(4457341454)
(4457341454),(4457341453),(4457341455)
(4457341458),(4457341459),(4457341457),(4876524122),(923190999),(5184853213)
(4457341459),(4457341458),(4457341460)
(4457341460),(4457341459),(4457341461)
(4457341461),(4457341460),(4457341462)
(4457341456),(4457341455),(4457341457)
(4457341457),(4457341456),(4457341458)
(4553416208),(4932687879)
(4932687879),(4553416208),(4553416209),(4932687878),(4932687880)
(4553416209),(4932687879),(440701562)
(440701562),(4553416209)
(4852519871),(2785870880),(4852519870)
(4876524121),(4876524122)
(4876524122),(4876524121),(4457341458)
(4456016757),(5393556986),(4913150782)
(4913150782),(4456016757),(4878987482),(4900701017),(4913150783)
(4913150780),(4456016753),(4878987486),(4900701011)
(4878987486),(4913150780)
(5375829167),(5375829165),(4100848200)
(4069425549),(4069425550),(4069425587)
(4069425550),(4069425549),(4069425551)
(4069425551),(4069425550),(4069425552)
(4069425552),(4069425551),(4069425553)
(4069425553),(4069425552),(5375829204)
(4900700823),(4926575191),(4900700822)
(4926575191),(4900700823),(4069425542)
(4069425542),(4926575191),(4069425543)
(4069425543),(4069425542),(4069425544)
(4069425544),(4069425543),(4069425545)
(4069425545),(4069425544),(4069425546)
(4069425546),(4069425545),(4909724650),(4069425531)
(4909724650),(4069425546),(4069425548),(4909724649)
(4069425548),(4909724650),(4069425587)
(4913160016),(4900700844),(4069393947),(4913160017)
(4900700844),(4913160016),(4900700845)
(4900700845),(4900700844),(4072645820),(4900700314)
(4069425659),(440701619),(4069425660)
(4069425660),(4069425659),(4069425661)
(4900700858),(4069393928),(4900700859)
(4900700859),(4900700858),(4900700860)
(4900700860),(4900700859),(4900700861)
(4900700861),(4900700860),(4900700862)
(4900700862),(4900700861),(4900700863)
(4900700863),(4900700862),(4919395365)
(4904513427),(4359220282),(4359222155),(943258748),(25780853)
(4900700882),(4900700883)
(4900700883),(4900700882),(4900700884)
(4900700884),(4900700883)
(4900700895),(4900700896)
(4900700896),(4900700895),(4900700897)
(4900700897),(4900700896),(4900700898)
(4900700898),(4900700897),(292362771)
(292362771),(4900700898),(4900700899)
(4900700899),(292362771),(4900700900)
(4900700900),(4900700899),(4900700901)
(4900700901),(4900700900),(4900700902)
(4900700902),(4900700901)
(4900700903),(4900700904)
(4900700904),(4900700903),(4900700905)
(4900700905),(4900700904)
(4900700912),(4900701056),(4900701055)
(4900701056),(4900700912),(4900700913),(4900701057)
(4900700913),(4900701056)
(4900701011),(4913150780),(4900701017),(4900701018)
(4900701012),(4069393923),(4900701013)
(4900701013),(4900701012),(4900701014)
(4900701014),(4900701013),(4900701015)
(4900701015),(4900701014),(4900701016)
(4900701016),(4900701015),(4900701017)
(4900701017),(4900701016),(4900701011),(4913150782)
(4900701018),(4900701011),(4900701019)
(4900701019),(4900701018),(4900701020)
(4900701020),(4900701019),(4900701021)
(4900701021),(4900701020),(4900701022)
(4900701022),(4900701021),(4900701023)
(4900701023),(4900701022),(4900701024)
(4900701024),(4900701023),(4900701025)
(4900701025),(4900701024),(4900701026)
(4900701026),(4900701025)
(4900701027),(4069393922),(4900701028)
(4900701028),(4900701027),(4900701029)
(4900701029),(4900701028),(4900701030)
(4900701030),(4900701029),(4900701031)
(4900701031),(4900701030),(4069393926)
(4900701032),(4900701033)
(4900701033),(4900701032),(4900701034)
(4900701034),(4900701033),(4900701035)
(4900701035),(4900701034),(4900701036)
(4900701036),(4900701035),(4900701037)
(4900701037),(4900701036),(4900701038)
(4900701039),(4900701040)
(4900701040),(4900701039),(4900701041)
(4900701041),(4900701040),(4900701042)
(4900701042),(4900701041),(4900701043)
(4900701043),(4900701042)
(4900701044),(4900701045)
(4900701045),(4900701044),(4900701046),(4900701048)
(4900701046),(4900701045)
(4900701048),(4900701045),(4900701047),(4900701049)
(4900701047),(4900701048),(4900701050)
(4900701049),(4900701048)
(4900701050),(4900701047),(4900701051)
(4900701051),(4900701050),(4900701052)
(4900701052),(4900701051),(4900701053)
(4900701053),(4900701052),(4900701054)
(4900701054),(4900701053),(4900701055)
(4900701055),(4900701054),(4900700912),(4900701059)
(4900701057),(4900701056),(4900701058)
(4900701058),(4900701057),(4900701059),(5060294039)
(4900701059),(4900701058),(4900701055)
(4900701060),(4900701061),(4913150783)
(4900701061),(4900701060)
(4906509253),(982965297),(4906509254)
(4906509254),(4906509253),(4906509255)
(4906509255),(4906509254),(4906509256)
(4906509256),(4906509255),(4906509257)
(4906509257),(4906509256),(4906509258)
(4906509258),(4906509257),(4906509259)
(4906509259),(4906509258),(4906509260)
(4906509260),(4906509259),(4921036593),(4921047841)
(4921036593),(4906509260),(440701551)
(4906509262),(4921047837)
(4921047837),(4906509262),(4906509263)
(4906509263),(4921047837),(4921047840)
(4921047840),(4906509263),(4906509264),(4921047839)
(4906509264),(4921047840),(4906509265)
(4906509265),(4906509264),(4906509266)
(4906509266),(4906509265)
(4906509268),(4906509267),(4906509269),(4921047839)
(4906509269),(4906509268),(4906509270)
(4906509270),(4906509269),(4906509271),(4921047827)
(4906509271),(4906509270),(4906509272)
(4906509272),(4906509271)
(4906509274),(4906509273),(4906509275)
(4906509275),(4906509274),(4906509276),(4921047827)
(4906509276),(4906509275),(4921047829)
(4921047829),(4906509276),(4906509277),(4921047828)
(4906509277),(4921047829),(4906509278)
(4906509278),(4906509277)
(4906509281),(4906509280),(4906509282)
(4906509282),(4906509281),(4906509283),(4921047828)
(4906509283),(4906509282),(4906509284)
(4906509284),(4906509283),(4906509285)
(4906509285),(4906509284),(4921047843)
(4921047843),(4906509285),(4906509286)
(4906509286),(4921047843)
(4921036575),(4921036579),(4921047845)
(4921047845),(4921036575),(4906509287)
(4906509287),(4921047845),(4906509288)
(4906509288),(4906509287),(4906509289)
(4906509289),(4906509288),(4921047825)
(4921047825),(4906509289)
(4906509290),(4906509291),(4906509298)
(4906509291),(4906509290),(4906509292)
(4906509292),(4906509291),(4906509293),(4921047841)
(4906509293),(4906509292),(4906509294),(4921047830)
(4906509294),(4906509293),(968745706)
(968745706),(4906509294),(4906509295)
(4906509295),(968745706),(4906509296)
(4906509296),(4906509295),(4906509297)
(4906509297),(4906509296),(4906509298)
(4906509298),(4906509297),(4906509290)
(4906509299),(4906509300)
(4906509300),(4906509299),(4906509301),(4921047830)
(4906509301),(4906509300),(4906509302)
(4906509302),(4906509301),(4906509303)
(4906509303),(4906509302),(4906509304)
(4906509304),(4906509303),(4906509305)
(4906509305),(4906509304),(4906509306)
(4906509306),(4906509305),(4906509307)
(4906509307),(4906509306),(4906509308)
(4906509308),(4906509307)
(4921036569),(293535244),(4906509310)
(4906509310),(4921036569),(4906509311)
(4906509311),(4906509310)
(4906511233),(5109958423),(4906511236)
(5109958423),(4906511233),(4906511235)
(4906511235),(5109958423)
(4906511236),(4906511233),(4906511242)
(4906511242),(4906511236),(4906511237),(4906511241)
(4906511237),(4906511242)
(4906511238),(4906511239)
(4906511239),(4906511238),(4906511240),(4906511243)
(4906511240),(4906511239),(4906511248)
(4906511248),(4906511240),(4906511241),(4906511246)
(4906511241),(4906511248),(4906511242)
(4906511243),(4906511239),(4906511244),(4906511245)
(4906511244),(4906511243)
(4906511245),(4906511243),(4906511246)
(4906511246),(4906511245),(4906511247),(4906511248)
(4906511247),(4906511246),(5109958453),(4906511250)
(4906511249),(5109958452)
(5109958452),(4906511249),(5109958453)
(5109958453),(5109958452),(4906511247)
(4906511250),(4906511247),(4906511251)
(4906511251),(4906511250),(4906511252)
(4906511252),(4906511251),(4906511253)
(4906511253),(4906511252),(4906511254)
(4906511254),(4906511253)
(4906511255),(4906511256)
(4906511256),(4906511255)
(414196990),(414196988),(414196991)
(414196991),(414196990),(414196992)
(414196992),(414196991),(414196993)
(414196993),(414196992),(414196994)
(414196994),(414196993),(414196995)
(414196995),(414196994)
(4906671786),(4906671787)
(4906671787),(4906671786)
(25780840),(4906671950)
(4906671950),(25780840)
(4906672260),(4069394261),(4906672261)
(4906672261),(4906672260)
(4906672274),(982965377),(4906672275)
(4906672275),(4906672274),(4906672276)
(4906672276),(4906672275),(4906672277)
(4906672277),(4906672276),(1447544625)
(1447544625),(4906672277)
(4909724649),(4069425589),(4909724650)
(4913160221),(4913160020),(4900700839)
(4918102113),(4069425577),(4069425562)
(4919391739),(4100848222),(4100848205)
(4919391740),(4100848203),(4919391741)
(4100846484),(4100846485),(4200402231)
(4200402231),(4100846484),(4100848194)
(4919391744),(4919391742),(4919391743)
(4919395365),(4900700863),(4100525282)
(4921047827),(4906509275),(4906509270)
(4921047828),(4906509282),(4921047829)
(4921047830),(4906509300),(4906509293)
(4921047839),(4906509268),(4921047840)
(4921047841),(4906509292),(4906509260)
(968745666),(4926643449),(4900700314),(5375829184)
(4926643449),(968745666),(4069394275),(5375829183)
(4069394275),(4926643449),(4069394276)
(4069394276),(4069394275),(4069393954)
(4069393954),(4069394276),(4069394271)
(4069394271),(4069393954),(4069394272)
(4069394272),(4069394271),(4086118075)
(4086118075),(4069394272),(4086118067)
(4086118067),(4086118075),(4069393956)
(4069393956),(4086118067),(4069394268)
(4069394268),(4069393956),(4069393957)
(4069393957),(4069394268),(4072645809)
(4102578679),(4069425630),(4069425635)
(4929293370),(4069394208),(4929293371)
(4929293372),(4069394196),(4929293373)
(4929293373),(4929293372),(4929293374)
(4929293376),(4929293375),(4069394220)
(4932687871),(4932687872)
(4932687872),(4932687871),(4932687873)
(4932687873),(4932687872),(4932687874)
(4932687874),(4932687873),(4932687875)
(4932687875),(4932687874),(4932687876)
(4932687876),(4932687875),(4932687877)
(4932687877),(4932687876),(4932687878)
(4932687878),(4932687877),(4932687879)
(4932687880),(4932687879),(4932687881)
(4932687881),(4932687880),(4932687882)
(4932687882),(4932687881),(4932687883)
(4932687883),(4932687882),(4932687884)
(4932687884),(4932687883),(4932687885)
(4932687885),(4932687884),(4932687886)
(4932687886),(4932687885),(4932687887)
(4932687887),(4932687886),(4932687888)
(4932687888),(4932687887),(4932687889)
(4932687889),(4932687888),(4932687890)
(4932687890),(4932687889),(4932687891)
(4932687891),(4932687890),(4932687892)
(4932687892),(4932687891),(4932687893)
(4932687893),(4932687892),(4932687894)
(4932687894),(4932687893),(4932687895)
(4932687895),(4932687894),(4932687896)
(4932687896),(4932687895)
(4932687899),(4932687900)
(4932687900),(4932687899),(4932687901)
(4932687901),(4932687900),(4932687902)
(4932687902),(4932687901),(4932687903)
(4932687903),(4932687902),(4932687904)
(4932687904),(4932687903),(4932687905)
(4932687905),(4932687904),(4932687906)
(4932687906),(4932687905),(4932687907)
(4932687907),(4932687906),(4932687908)
(4932687908),(4932687907)
(4936887650),(440701630),(5375829203),(4936887651)
(440701630),(4936887650),(4900700822)
(4900700822),(440701630),(4900700823)
(4359222157),(982965290),(5393556982)
(982965290),(4359222157),(982965377)
(4359222159),(4359222160),(4359222158)
(4359222158),(4359222159),(4359222163),(4069394246)
(4911828761),(4900700841),(4936921001)
(3118395221),(4455234818),(291410484)
(4455234818),(3118395221),(57579493)
(3118413739),(4238291),(3118413735)
(3118413735),(3118413739),(291410542)
(291410542),(3118413735),(3118413745)
(3118413745),(291410542),(291409805)
(291409805),(3118413745),(3118413737)
(3118413737),(291409805),(291410484)
(291410484),(3118413737),(3118395221)
(26917982),(923190999),(717548946)
(717548946),(26917982),(4457341462)
(5060294031),(5060294032)
(5060294032),(5060294031),(5060294039)
(5060294038),(5060294039)
(5060294039),(5060294038),(4900701058),(5060294032)
(5184853213),(4457341458)
(5320331962),(5320331957)
(5320331957),(5320331962),(5320331956)
(5320331956),(5320331957),(5320331953)
(5320331953),(5320331956)
(29396382),(4451315143),(247123673)
(247123673),(29396382),(247123672)
(247123672),(247123673),(247123670)
(247123670),(247123672),(247123669)
(247123669),(247123670),(247123668)
(247123668),(247123669),(414197029)
(4069393942),(5375829150),(5375829151)
(5375829184),(968745666),(4069393949)
(4069393949),(5375829184),(4900700300)
(4900700300),(4069393949),(5375829165)
(5375829161),(4900700839),(5375829154)
(5375829154),(5375829161),(5375829155),(5375829160)
(5375829155),(5375829154),(5375829156)
(5375829156),(5375829155),(5375829162)
(5375829162),(5375829156),(5375829157),(5375829163)
(5375829157),(5375829162),(5375829158)
(5375829158),(5375829157),(5375829159)
(5375829159),(5375829158),(5375829160),(5375829172)
(5375829160),(5375829159),(5375829154)
(5375829163),(4267160646),(5375829162)
(4900700305),(4069393951),(5375829183)
(5375829183),(4900700305),(4926643449)
(5375829169),(5375829171)
(5375829171),(5375829169),(5375829170)
(5375829172),(5375829151),(5375829159)
(4911828759),(5375829185),(4069393947)
(4069393947),(4911828759),(4913160016)
(4913160017),(4913160016),(4900700843)
(4900700843),(4913160017),(4906672257),(4072645820)
(4906672257),(5375829188),(4900700843)
(4072645820),(4900700843),(4900700845)
(4069393965),(4100846478),(4069393968)
(5375829198),(4088176850),(5375829200)
(5375829200),(5375829198),(5375829199)
(4069399764),(4900700821),(4900700836)
(4900700836),(4069399764),(4900700833)
(4900700833),(4900700836),(5375829203),(4069425673)
(5375829203),(4936887650),(4900700833)
(4069425673),(4900700833),(4900700830)
(4900700830),(4069425673),(4936923793)
(4936923793),(4900700830),(4936923791)
(4900700828),(4069425540),(4900700827)
(4090481649),(4069425668),(4069425670)
(4069425670),(4090481649),(4936887651)
(4936887651),(4069425670),(4936887650)
(4069425531),(4069425546),(5375831130)
(5393556977),(5393556978),(943258748)
(943258748),(5393556977),(4904513427)
(25780853),(4904513427)
(5393556980),(4069394245),(5393556979)
(4069394245),(5393556980),(4359222163)
(4359222163),(4069394245),(4359222158)
(4069394246),(4359222158),(4069394247)
(4069394247),(4069394246),(4069394248)
(4069394248),(4069394247),(4069394249)
(4069394249),(4069394248),(4906672265)
(4906672265),(4069394249),(4069394250)
(4069394250),(4906672265),(4069394251)
(4069394251),(4069394250),(4069394252)
(4069394252),(4069394251),(982834334)
(982834334),(4069394252),(982834376)
(982834376),(982834334),(4069394253)
(4069394253),(982834376),(982834383)
(982834383),(4069394253),(4069394254)
(4069394254),(982834383),(982834350)
(982834350),(4069394254)
(5393556982),(4359222157),(5393556981)
(4359220285),(5393556983),(5393556985)
(5393556984),(4359220287),(5393556985)
(4359220287),(5393556984),(4069393927)
(5393556985),(5393556984),(4359220285)
